{
  "bert-baseline-freeze": {
    "lr": 0.006918309709189364
  },
  "bert-baseline-unfreeze": {
    "lr": 0.000001
  },
  "bert-lstm-freeze": {
    "lr": 0.8317637711026709
  },
  "bert-lstm-unfreeze": {
    "lr": 0.000001
  },
  "bert-attention-freeze": {
    "lr": 0.0019054607179632484
  },
  "bert-attention-unfreeze": {
    "lr": 0.000001
  },
  "emoberta": {
    "lr": 0.000001
  }
}